Date,impSpecial,impPremium,impWellMilled,impRegular,locSpecial,locPremium,locWellMilled,locRegular
2019-10-01,52.0,43.0,35.0,32.0,50.0,45.0,40.0,35.0
2019-10-09,50.0,43.0,35.0,32.0,50.0,45.0,40.0,35.0
2019-10-14,50.0,43.0,35.0,32.0,50.0,45.0,40.0,35.0
2019-10-19,52.0,43.0,40.0,32.0,50.0,45.0,40.0,36.0
2019-10-25,52.0,43.0,40.0,32.0,50.0,45.0,40.0,35.0
2019-10-31,52.0,43.0,40.0,32.0,50.0,46.0,40.0,35.0
2019-11-04,52.0,43.0,40.0,32.0,50.0,45.0,40.0,35.0
2019-11-08,52.0,45.0,40.0,,50.0,45.0,40.0,35.0
2019-11-14,52.0,43.0,40.0,32.0,50.0,45.0,40.0,35.0
2019-11-20,52.0,43.0,44.0,36.0,50.0,46.0,40.0,35.0
2019-11-28,52.0,43.0,45.0,32.0,55.0,46.0,40.0,35.0
2019-12-02,52.0,46.0,44.0,,54.0,46.0,40.0,35.0
2019-12-09,52.0,46.0,44.0,,50.0,46.0,40.0,35.0
2019-12-14,52.0,46.0,45.0,,50.0,46.0,40.0,36.0
2019-12-16,52.0,43.0,42.0,,50.0,46.0,40.0,35.0
2019-12-23,52.0,46.0,44.0,,54.0,46.0,40.0,35.0
2020-01-02,52.0,43.0,44.0,,54.0,46.0,40.0,35.0
2020-01-09,52.0,43.0,46.0,,54.0,45.0,40.0,32.0
2020-01-16,52.0,46.0,44.0,,54.0,45.0,40.0,32.0
2020-01-22,52.0,46.0,44.0,40.0,54.0,45.0,40.0,32.0
2020-01-30,52.0,46.0,46.0,,54.0,45.0,40.0,32.0
2020-02-03,52.0,46.0,46.0,40.0,50.0,46.0,40.0,32.0
2020-02-11,52.0,46.0,44.0,,50.0,45.0,40.0,32.0
2020-02-18,52.0,46.0,40.0,,50.0,46.0,40.0,32.0
2020-02-27,52.0,47.0,44.0,,54.0,45.0,40.0,32.0
2020-03-05,52.0,40.0,44.0,,54.0,45.0,40.0,35.0
2020-03-12,50.0,40.0,32.0,,54.0,45.0,40.0,35.0
2020-03-21,,,,,48.0,45.0,40.0,32.0
2020-03-30,,,,,54.0,45.0,40.0,32.0
2020-04-03,,,42.0,,54.0,45.0,40.0,35.0
2020-04-13,52.0,43.0,,,50.0,45.0,40.0,37.0
2020-06-02,52.0,43.0,43.0,,50.0,45.5,40.0,40.0
2020-06-09,52.0,43.0,38.0,36.0,50.0,45.0,40.0,40.0
2020-06-16,52.0,43.0,39.0,36.0,52.5,46.0,44.0,40.0
2020-06-25,52.0,45.0,38.0,,50.0,46.0,44.0,39.0
2020-07-01,52.0,45.0,38.0,,50.0,46.0,40.0,38.0
2020-07-09,50.0,45.0,38.0,,50.0,45.0,40.0,36.0
2020-07-15,50.0,44.0,38.0,,50.0,45.0,40.0,38.0
2020-07-22,51.0,44.0,38.0,,50.0,45.0,40.0,38.0
2020-07-29,52.0,44.0,,,50.0,46.0,40.0,38.0
2020-08-07,51.0,44.0,,,50.0,45.0,40.0,38.0
2020-08-14,51.0,44.0,36.0,,50.0,45.5,40.0,38.0
2020-08-24,51.0,44.0,36.0,,50.0,46.0,40.0,38.0
2020-08-31,51.0,44.0,36.0,,50.0,46.0,40.0,38.0
2020-09-03,51.0,43.0,36.0,,50.0,46.0,40.0,38.0
2020-09-10,51.0,45.0,38.0,,55.0,45.0,40.0,38.0
2020-09-18,50.0,45.0,42.0,,50.0,46.0,40.0,38.0
2020-09-28,52.0,45.0,,,50.0,46.0,44.0,40.0
2020-10-02,52.0,45.0,43.0,,50.0,45.0,40.0,38.0
2020-10-09,52.0,45.0,,36.0,50.0,45.0,40.0,38.0
2020-10-19,52.0,45.0,,36.0,50.0,46.0,42.0,38.0
2020-10-27,52.0,45.0,,36.0,50.0,45.0,42.0,38.0
2020-10-30,52.0,45.0,,,50.0,45.0,42.0,38.0
2020-11-05,52.0,45.0,,,50.0,46.0,42.0,38.0
2020-11-13,50.0,45.0,,,50.0,46.0,40.0,38.0
2020-11-23,52.0,45.0,,,50.0,45.0,44.0,38.0
2020-11-27,52.0,45.0,36.0,,50.0,45.0,44.0,38.0
2020-12-01,52.0,45.0,36.0,,50.0,45.0,44.0,38.0
2020-12-07,52.0,45.0,36.0,,50.0,45.0,40.0,40.0
2020-12-14,52.0,45.0,36.0,,50.0,45.0,42.0,40.0
2020-12-22,50.0,45.0,43.0,,50.0,46.0,44.0,38.0
2020-12-29,52.0,45.0,,,50.0,46.0,44.0,38.0
2021-01-04,52.0,45.0,,,50.0,46.0,44.0,40.0
2021-01-12,52.0,44.0,,,50.0,45.0,44.0,38.0
2021-01-19,50.0,,,,50.0,46.0,44.0,38.0
2021-01-27,52.0,47.0,,,50.0,46.0,44.0,38.0
2021-02-03,52.0,46.0,,,50.0,45.0,44.0,38.0
2021-02-10,52.0,45.0,42.0,,50.0,45.0,44.0,38.0
2021-02-17,52.0,46.0,42.0,,50.0,45.0,44.0,38.0
2021-02-23,52.0,45.0,44.0,,50.0,45.0,40.0,38.0
2021-02-26,52.0,45.0,44.0,,50.0,46.0,44.0,38.0
2021-03-04,52.0,47.0,44.0,,50.0,45.0,44.0,39.0
2021-03-10,52.0,47.0,44.0,,50.0,46.0,40.0,38.0
2021-03-17,52.0,45.0,44.0,,50.0,46.0,44.0,38.0
2021-03-25,52.0,45.0,44.0,,50.0,45.0,44.0,38.0
2021-03-31,52.0,45.0,44.0,,50.0,46.0,44.0,38.0
2021-04-05,52.0,48.0,44.0,,50.0,45.0,44.0,40.0
2021-04-13,52.0,45.0,44.0,,50.0,45.0,44.0,38.0
2021-04-22,52.0,46.0,44.0,,50.0,45.0,42.0,38.0
2021-04-28,52.0,47.0,44.0,,50.0,45.0,44.0,38.0
2021-05-03,52.0,47.0,44.0,,50.0,45.0,40.0,38.0
2021-05-12,52.0,45.0,44.0,,50.0,45.0,40.0,38.0
2021-05-20,52.0,45.0,44.0,,50.0,45.0,40.0,38.0
2021-05-28,52.0,45.0,44.0,,50.0,45.0,40.0,38.0
2021-06-01,50.0,45.0,44.0,,50.0,45.0,40.0,38.0
2021-06-08,52.0,45.0,44.0,,50.0,45.0,40.0,38.0
2021-06-16,52.0,45.0,44.0,,50.0,45.0,40.0,38.0
2021-06-25,52.0,47.0,44.0,,50.0,45.0,40.0,38.0
2021-07-01,50.0,45.0,44.0,,50.0,45.0,40.0,38.0
2021-07-12,52.0,47.0,44.0,,50.0,45.0,40.0,38.0
2021-07-19,52.0,48.0,44.0,,50.0,45.0,40.0,38.0
2021-07-26,52.0,48.0,44.0,,50.0,46.0,40.0,38.0
2021-07-30,52.0,45.0,44.0,,50.0,46.0,44.0,38.0
2021-08-05,52.0,48.0,44.0,,50.0,46.0,40.0,38.0
2021-08-11,52.0,48.0,44.0,,50.0,46.0,40.0,38.0
2021-08-19,50.0,45.0,44.0,,50.0,45.0,40.0,38.0
2021-08-26,50.0,48.0,43.0,,50.0,45.0,40.0,38.0
2021-08-31,52.0,48.0,43.0,,50.0,47.0,40.0,38.0
2021-09-03,,,,,,,,
2021-09-06,,,,,,,,
2021-09-13,,,,,,,,
2021-09-14,,,,,,,,
2021-09-23,,,,,,,,
2021-09-24,,,,,,,,
2021-09-29,,,,,,,,
2021-09-30,,,,,,,,
2021-10-13,,,,,,,,
2021-10-14,,,,,,,,
2021-10-21,,,,,,,,
2021-10-22,,,,,,,,
