Date,source,impSpecial,impPremium,impWellMilled,impRegular,locSpecial,locPremium,locWellMilled,locRegular
2023-12-25,DA Weekly Average Price (2023-12-25 to 2023-12-29),61.23,57.24,57.5,50.8,61.07,54.75,50.53,50.95
2023-12-26,DA Weekly Average Price (2023-12-25 to 2023-12-29),61.23,57.24,57.5,50.8,61.07,54.75,50.53,50.95
2023-12-27,DA Weekly Average Price (2023-12-25 to 2023-12-29),61.23,57.24,57.5,50.8,61.07,54.75,50.53,50.95
2023-12-28,DA Weekly Average Price (2023-12-25 to 2023-12-29),61.23,57.24,57.5,50.8,61.07,54.75,50.53,50.95
2023-12-29,DA Weekly Average Price (2023-12-25 to 2023-12-29),61.23,57.24,57.5,50.8,61.07,54.75,50.53,50.95
2024-01-01,DA Weekly Average Price (2024-01-01 to 2024-01-05),61.04,57.45,53.67,50.8,61.05,55.02,50.9,51.83
2024-01-02,DA Weekly Average Price (2024-01-01 to 2024-01-05),61.04,57.45,53.67,50.8,61.05,55.02,50.9,51.83
2024-01-03,DA Weekly Average Price (2024-01-01 to 2024-01-05),61.04,57.45,53.67,50.8,61.05,55.02,50.9,51.83
2024-01-04,DA Weekly Average Price (2024-01-01 to 2024-01-05),61.04,57.45,53.67,50.8,61.05,55.02,50.9,51.83
2024-01-05,DA Weekly Average Price (2024-01-01 to 2024-01-05),61.04,57.45,53.67,50.8,61.05,55.02,50.9,51.83
2024-01-08,DA Weekly Average Price (2024-01-08 to 2024-01-12),61.01,57.85,53.61,50.8,61.27,55.27,51.96,49.96
2024-01-09,DA Weekly Average Price (2024-01-08 to 2024-01-12),61.01,57.85,53.61,50.8,61.27,55.27,51.96,49.96
2024-01-10,DA Weekly Average Price (2024-01-08 to 2024-01-12),61.01,57.85,53.61,50.8,61.27,55.27,51.96,49.96
2024-01-11,DA Weekly Average Price (2024-01-08 to 2024-01-12),61.01,57.85,53.61,50.8,61.27,55.27,51.96,49.96
2024-01-12,DA Weekly Average Price (2024-01-08 to 2024-01-12),61.01,57.85,53.61,50.8,61.27,55.27,51.96,49.96
2024-01-15,DA Weekly Average Price (2024-01-15 to 2024-01-19),61.19,57.92,54.15,50.8,61.38,55.21,52.14,49.92
2024-01-16,DA Weekly Average Price (2024-01-15 to 2024-01-19),61.19,57.92,54.15,50.8,61.38,55.21,52.14,49.92
2024-01-17,DA Weekly Average Price (2024-01-15 to 2024-01-19),61.19,57.92,54.15,50.8,61.38,55.21,52.14,49.92
2024-01-18,DA Weekly Average Price (2024-01-15 to 2024-01-19),61.19,57.92,54.15,50.8,61.38,55.21,52.14,49.92
2024-01-19,DA Weekly Average Price (2024-01-15 to 2024-01-19),61.19,57.92,54.15,50.8,61.38,55.21,52.14,49.92
2024-01-22,DA Weekly Average Price (2024-01-22 to 2024-01-26),61.0,58.01,53.46,50.8,61.32,55.18,52.04,50.12
2024-01-23,DA Weekly Average Price (2024-01-22 to 2024-01-26),61.0,58.01,53.46,50.8,61.32,55.18,52.04,50.12
2024-01-24,DA Weekly Average Price (2024-01-22 to 2024-01-26),61.0,58.01,53.46,50.8,61.32,55.18,52.04,50.12
2024-01-25,DA Weekly Average Price (2024-01-22 to 2024-01-26),61.0,58.01,53.46,50.8,61.32,55.18,52.04,50.12
2024-01-26,DA Weekly Average Price (2024-01-22 to 2024-01-26),61.0,58.01,53.46,50.8,61.32,55.18,52.04,50.12
2024-01-29,DA Weekly Average Price (2024-01-29 to 2024-02-02),61.21,58.03,52.69,50.8,61.25,55.33,52.09,50.55
2024-01-30,DA Weekly Average Price (2024-01-29 to 2024-02-02),61.21,58.03,52.69,50.8,61.25,55.33,52.09,50.55
2024-01-31,DA Weekly Average Price (2024-01-29 to 2024-02-02),61.21,58.03,52.69,50.8,61.25,55.33,52.09,50.55
2024-02-01,DA Weekly Average Price (2024-01-29 to 2024-02-02),61.21,58.03,52.69,50.8,61.25,55.33,52.09,50.55
2024-02-02,DA Weekly Average Price (2024-01-29 to 2024-02-02),61.21,58.03,52.69,50.8,61.25,55.33,52.09,50.55
2024-02-05,DA Weekly Average Price (2024-02-05 to 2024-02-09),61.06,57.95,52.83,50.8,61.19,55.21,52.05,50.96
2024-02-06,DA Weekly Average Price (2024-02-05 to 2024-02-09),61.06,57.95,52.83,50.8,61.19,55.21,52.05,50.96
2024-02-07,DA Weekly Average Price (2024-02-05 to 2024-02-09),61.06,57.95,52.83,50.8,61.19,55.21,52.05,50.96
2024-02-08,DA Weekly Average Price (2024-02-05 to 2024-02-09),61.06,57.95,52.83,50.8,61.19,55.21,52.05,50.96
2024-02-09,DA Weekly Average Price (2024-02-05 to 2024-02-09),61.06,57.95,52.83,50.8,61.19,55.21,52.05,50.96
2024-02-26,DA Weekly Average Price (2024-02-26 to 2024-03-01),60.99,58.12,53.35,50.8,61.06,55.29,52.26,49.79
2024-02-27,DA Weekly Average Price (2024-02-26 to 2024-03-01),60.99,58.12,53.35,50.8,61.06,55.29,52.26,49.79
2024-02-28,DA Weekly Average Price (2024-02-26 to 2024-03-01),60.99,58.12,53.35,50.8,61.06,55.29,52.26,49.79
2024-02-29,DA Weekly Average Price (2024-02-26 to 2024-03-01),60.99,58.12,53.35,50.8,61.06,55.29,52.26,49.79
2024-03-01,DA Weekly Average Price (2024-02-26 to 2024-03-01),60.99,58.12,53.35,50.8,61.06,55.29,52.26,49.79
2024-03-04,DA Weekly Average Price (2024-03-04 to 2024-03-08),60.95,58.21,53.45,50.2,61.03,55.37,51.94,49.67
2024-03-05,DA Weekly Average Price (2024-03-04 to 2024-03-08),60.95,58.21,53.45,50.2,61.03,55.37,51.94,49.67
2024-03-06,DA Weekly Average Price (2024-03-04 to 2024-03-08),60.95,58.21,53.45,50.2,61.03,55.37,51.94,49.67
2024-03-07,DA Weekly Average Price (2024-03-04 to 2024-03-08),60.95,58.21,53.45,50.2,61.03,55.37,51.94,49.67
2024-03-08,DA Weekly Average Price (2024-03-04 to 2024-03-08),60.95,58.21,53.45,50.2,61.03,55.37,51.94,49.67
2024-04-15,DA Weekly Average Price (2024-04-15 to 2024-04-20),60.16,57.11,52.6,49.89,61.04,55.12,51.89,48.96
2024-04-16,DA Weekly Average Price (2024-04-15 to 2024-04-20),60.16,57.11,52.6,49.89,61.04,55.12,51.89,48.96
2024-04-17,DA Weekly Average Price (2024-04-15 to 2024-04-20),60.16,57.11,52.6,49.89,61.04,55.12,51.89,48.96
2024-04-18,DA Weekly Average Price (2024-04-15 to 2024-04-20),60.16,57.11,52.6,49.89,61.04,55.12,51.89,48.96
2024-04-19,DA Weekly Average Price (2024-04-15 to 2024-04-20),60.16,57.11,52.6,49.89,61.04,55.12,51.89,48.96
2024-04-20,DA Weekly Average Price (2024-04-15 to 2024-04-20),60.16,57.11,52.6,49.89,61.04,55.12,51.89,48.96
2024-04-22,DA Weekly Average Price (2024-04-22 to 2024-04-27),60.29,57.2,52.6,49.65,60.93,55.12,51.81,49.44
2024-04-23,DA Weekly Average Price (2024-04-22 to 2024-04-27),60.29,57.2,52.6,49.65,60.93,55.12,51.81,49.44
2024-04-24,DA Weekly Average Price (2024-04-22 to 2024-04-27),60.29,57.2,52.6,49.65,60.93,55.12,51.81,49.44
2024-04-25,DA Weekly Average Price (2024-04-22 to 2024-04-27),60.29,57.2,52.6,49.65,60.93,55.12,51.81,49.44
2024-04-26,DA Weekly Average Price (2024-04-22 to 2024-04-27),60.29,57.2,52.6,49.65,60.93,55.12,51.81,49.44
2024-04-27,DA Weekly Average Price (2024-04-22 to 2024-04-27),60.29,57.2,52.6,49.65,60.93,55.12,51.81,49.44
2024-04-29,DA Weekly Average Price (2024-04-29 to 2024-05-04),60.55,57.32,52.66,49.85,60.81,55.06,51.63,49.81
2024-04-30,DA Weekly Average Price (2024-04-29 to 2024-05-04),60.55,57.32,52.66,49.85,60.81,55.06,51.63,49.81
2024-05-01,DA Weekly Average Price (2024-04-29 to 2024-05-04),60.55,57.32,52.66,49.85,60.81,55.06,51.63,49.81
2024-05-02,DA Weekly Average Price (2024-04-29 to 2024-05-04),60.55,57.32,52.66,49.85,60.81,55.06,51.63,49.81
2024-05-03,DA Weekly Average Price (2024-04-29 to 2024-05-04),60.55,57.32,52.66,49.85,60.81,55.06,51.63,49.81
2024-05-04,DA Weekly Average Price (2024-04-29 to 2024-05-04),60.55,57.32,52.66,49.85,60.81,55.06,51.63,49.81
2024-05-06,DA Weekly Average Price (2024-05-06 to 2024-05-11),60.57,57.39,52.89,49.74,60.79,55.01,51.53,49.41
2024-05-07,DA Weekly Average Price (2024-05-06 to 2024-05-11),60.57,57.39,52.89,49.74,60.79,55.01,51.53,49.41
2024-05-08,DA Weekly Average Price (2024-05-06 to 2024-05-11),60.57,57.39,52.89,49.74,60.79,55.01,51.53,49.41
2024-05-09,DA Weekly Average Price (2024-05-06 to 2024-05-11),60.57,57.39,52.89,49.74,60.79,55.01,51.53,49.41
2024-05-10,DA Weekly Average Price (2024-05-06 to 2024-05-11),60.57,57.39,52.89,49.74,60.79,55.01,51.53,49.41
2024-05-11,DA Weekly Average Price (2024-05-06 to 2024-05-11),60.57,57.39,52.89,49.74,60.79,55.01,51.53,49.41
2024-05-13,DA Weekly Average Price (2024-05-13 to 2024-05-18),60.44,57.36,52.9,49.61,60.65,54.78,51.28,49.37
2024-05-14,DA Weekly Average Price (2024-05-13 to 2024-05-18),60.44,57.36,52.9,49.61,60.65,54.78,51.28,49.37
2024-05-15,DA Weekly Average Price (2024-05-13 to 2024-05-18),60.44,57.36,52.9,49.61,60.65,54.78,51.28,49.37
2024-05-16,DA Weekly Average Price (2024-05-13 to 2024-05-18),60.44,57.36,52.9,49.61,60.65,54.78,51.28,49.37
2024-05-17,DA Weekly Average Price (2024-05-13 to 2024-05-18),60.44,57.36,52.9,49.61,60.65,54.78,51.28,49.37
2024-05-18,DA Weekly Average Price (2024-05-13 to 2024-05-18),60.44,57.36,52.9,49.61,60.65,54.78,51.28,49.37
2024-05-20,DA Weekly Average Price (2024-05-20 to 2024-05-25),60.47,56.89,52.98,49.92,60.67,54.77,51.42,49.55
2024-05-21,DA Weekly Average Price (2024-05-20 to 2024-05-25),60.47,56.89,52.98,49.92,60.67,54.77,51.42,49.55
2024-05-22,DA Weekly Average Price (2024-05-20 to 2024-05-25),60.47,56.89,52.98,49.92,60.67,54.77,51.42,49.55
2024-05-23,DA Weekly Average Price (2024-05-20 to 2024-05-25),60.47,56.89,52.98,49.92,60.67,54.77,51.42,49.55
2024-05-24,DA Weekly Average Price (2024-05-20 to 2024-05-25),60.47,56.89,52.98,49.92,60.67,54.77,51.42,49.55
2024-05-25,DA Weekly Average Price (2024-05-20 to 2024-05-25),60.47,56.89,52.98,49.92,60.67,54.77,51.42,49.55
2024-06-10,DA Weekly Average Price (2024-06-10 to 2024-06-15),60.59,57.13,53.5,49.85,60.62,54.81,51.46,48.88
2024-06-11,DA Weekly Average Price (2024-06-10 to 2024-06-15),60.59,57.13,53.5,49.85,60.62,54.81,51.46,48.88
2024-06-12,DA Weekly Average Price (2024-06-10 to 2024-06-15),60.59,57.13,53.5,49.85,60.62,54.81,51.46,48.88
2024-06-13,DA Weekly Average Price (2024-06-10 to 2024-06-15),60.59,57.13,53.5,49.85,60.62,54.81,51.46,48.88
2024-06-14,DA Weekly Average Price (2024-06-10 to 2024-06-15),60.59,57.13,53.5,49.85,60.62,54.81,51.46,48.88
2024-06-15,DA Weekly Average Price (2024-06-10 to 2024-06-15),60.59,57.13,53.5,49.85,60.62,54.81,51.46,48.88
2024-06-17,DA Weekly Average Price (2024-06-17 to 2024-06-22),60.65,56.84,53.43,49.78,60.65,54.82,51.61,49.24
2024-06-18,DA Weekly Average Price (2024-06-17 to 2024-06-22),60.65,56.84,53.43,49.78,60.65,54.82,51.61,49.24
2024-06-19,DA Weekly Average Price (2024-06-17 to 2024-06-22),60.65,56.84,53.43,49.78,60.65,54.82,51.61,49.24
2024-06-20,DA Weekly Average Price (2024-06-17 to 2024-06-22),60.65,56.84,53.43,49.78,60.65,54.82,51.61,49.24
2024-06-21,DA Weekly Average Price (2024-06-17 to 2024-06-22),60.65,56.84,53.43,49.78,60.65,54.82,51.61,49.24
2024-06-22,DA Weekly Average Price (2024-06-17 to 2024-06-22),60.65,56.84,53.43,49.78,60.65,54.82,51.61,49.24
2024-06-24,DA Weekly Average Price (2024-06-24 to 2024-06-29),60.49,56.76,53.43,49.54,60.7,54.85,51.5,49.03
2024-06-25,DA Weekly Average Price (2024-06-24 to 2024-06-29),60.49,56.76,53.43,49.54,60.7,54.85,51.5,49.03
2024-06-26,DA Weekly Average Price (2024-06-24 to 2024-06-29),60.49,56.76,53.43,49.54,60.7,54.85,51.5,49.03
2024-06-27,DA Weekly Average Price (2024-06-24 to 2024-06-29),60.49,56.76,53.43,49.54,60.7,54.85,51.5,49.03
2024-06-28,DA Weekly Average Price (2024-06-24 to 2024-06-29),60.49,56.76,53.43,49.54,60.7,54.85,51.5,49.03
2024-06-29,DA Weekly Average Price (2024-06-24 to 2024-06-29),60.49,56.76,53.43,49.54,60.7,54.85,51.5,49.03
2024-07-01,DA Weekly Average Price (2024-07-01 to 2024-07-06),60.36,56.97,53.45,49.22,60.69,54.79,51.25,49.16
2024-07-02,DA Weekly Average Price (2024-07-01 to 2024-07-06),60.36,56.97,53.45,49.22,60.69,54.79,51.25,49.16
2024-07-03,DA Weekly Average Price (2024-07-01 to 2024-07-06),60.36,56.97,53.45,49.22,60.69,54.79,51.25,49.16
2024-07-04,DA Weekly Average Price (2024-07-01 to 2024-07-06),60.36,56.97,53.45,49.22,60.69,54.79,51.25,49.16
2024-07-05,DA Weekly Average Price (2024-07-01 to 2024-07-06),60.36,56.97,53.45,49.22,60.69,54.79,51.25,49.16
2024-07-06,DA Weekly Average Price (2024-07-01 to 2024-07-06),60.36,56.97,53.45,49.22,60.69,54.79,51.25,49.16
2024-07-08,DA Weekly Average Price (2024-07-08 to 2024-07-13),60.19,57.32,53.04,48.85,60.32,54.66,50.91,48.55
2024-07-09,DA Weekly Average Price (2024-07-08 to 2024-07-13),60.19,57.32,53.04,48.85,60.32,54.66,50.91,48.55
2024-07-10,DA Weekly Average Price (2024-07-08 to 2024-07-13),60.19,57.32,53.04,48.85,60.32,54.66,50.91,48.55
2024-07-11,DA Weekly Average Price (2024-07-08 to 2024-07-13),60.19,57.32,53.04,48.85,60.32,54.66,50.91,48.55
2024-07-12,DA Weekly Average Price (2024-07-08 to 2024-07-13),60.19,57.32,53.04,48.85,60.32,54.66,50.91,48.55
2024-07-13,DA Weekly Average Price (2024-07-08 to 2024-07-13),60.19,57.32,53.04,48.85,60.32,54.66,50.91,48.55
2024-07-15,DA Weekly Average Price (2024-07-15 to 2024-07-20),60.34,56.87,52.86,48.69,60.33,54.31,50.56,47.9
2024-07-16,DA Weekly Average Price (2024-07-15 to 2024-07-20),60.34,56.87,52.86,48.69,60.33,54.31,50.56,47.9
2024-07-17,DA Weekly Average Price (2024-07-15 to 2024-07-20),60.34,56.87,52.86,48.69,60.33,54.31,50.56,47.9
2024-07-18,DA Weekly Average Price (2024-07-15 to 2024-07-20),60.34,56.87,52.86,48.69,60.33,54.31,50.56,47.9
2024-07-19,DA Weekly Average Price (2024-07-15 to 2024-07-20),60.34,56.87,52.86,48.69,60.33,54.31,50.56,47.9
2024-07-20,DA Weekly Average Price (2024-07-15 to 2024-07-20),60.34,56.87,52.86,48.69,60.33,54.31,50.56,47.9
2024-07-22,DA Weekly Average Price (2024-07-22 to 2024-07-27),59.87,56.31,52.6,49.09,59.96,54.46,50.32,47.88
2024-07-23,DA Weekly Average Price (2024-07-22 to 2024-07-27),59.87,56.31,52.6,49.09,59.96,54.46,50.32,47.88
2024-07-24,DA Weekly Average Price (2024-07-22 to 2024-07-27),59.87,56.31,52.6,49.09,59.96,54.46,50.32,47.88
2024-07-25,DA Weekly Average Price (2024-07-22 to 2024-07-27),59.87,56.31,52.6,49.09,59.96,54.46,50.32,47.88
2024-07-26,DA Weekly Average Price (2024-07-22 to 2024-07-27),59.87,56.31,52.6,49.09,59.96,54.46,50.32,47.88
2024-07-27,DA Weekly Average Price (2024-07-22 to 2024-07-27),59.87,56.31,52.6,49.09,59.96,54.46,50.32,47.88
2024-07-29,DA Weekly Average Price (2024-07-29 to 2024-08-03),59.79,56.36,52.55,47.56,59.98,54.47,50.53,47.92
2024-07-30,DA Weekly Average Price (2024-07-29 to 2024-08-03),59.79,56.36,52.55,47.56,59.98,54.47,50.53,47.92
2024-07-31,DA Weekly Average Price (2024-07-29 to 2024-08-03),59.79,56.36,52.55,47.56,59.98,54.47,50.53,47.92
2024-08-01,DA Weekly Average Price (2024-07-29 to 2024-08-03),59.79,56.36,52.55,47.56,59.98,54.47,50.53,47.92
2024-08-02,DA Weekly Average Price (2024-07-29 to 2024-08-03),59.79,56.36,52.55,47.56,59.98,54.47,50.53,47.92
2024-08-03,DA Weekly Average Price (2024-07-29 to 2024-08-03),59.79,56.36,52.55,47.56,59.98,54.47,50.53,47.92
2024-08-05,DA Weekly Average Price (2024-08-05 to 2024-08-10),59.99,56.42,52.6,47.44,59.83,54.43,50.43,47.93
2024-08-06,DA Weekly Average Price (2024-08-05 to 2024-08-10),59.99,56.42,52.6,47.44,59.83,54.43,50.43,47.93
2024-08-07,DA Weekly Average Price (2024-08-05 to 2024-08-10),59.99,56.42,52.6,47.44,59.83,54.43,50.43,47.93
2024-08-08,DA Weekly Average Price (2024-08-05 to 2024-08-10),59.99,56.42,52.6,47.44,59.83,54.43,50.43,47.93
2024-08-09,DA Weekly Average Price (2024-08-05 to 2024-08-10),59.99,56.42,52.6,47.44,59.83,54.43,50.43,47.93
2024-08-10,DA Weekly Average Price (2024-08-05 to 2024-08-10),59.99,56.42,52.6,47.44,59.83,54.43,50.43,47.93
2024-08-12,DA Weekly Average Price (2024-08-12 to 2024-08-17),60.07,56.43,52.97,48.17,59.95,54.34,50.46,48.13
2024-08-13,DA Weekly Average Price (2024-08-12 to 2024-08-17),60.07,56.43,52.97,48.17,59.95,54.34,50.46,48.13
2024-08-14,DA Weekly Average Price (2024-08-12 to 2024-08-17),60.07,56.43,52.97,48.17,59.95,54.34,50.46,48.13
2024-08-15,DA Weekly Average Price (2024-08-12 to 2024-08-17),60.07,56.43,52.97,48.17,59.95,54.34,50.46,48.13
2024-08-16,DA Weekly Average Price (2024-08-12 to 2024-08-17),60.07,56.43,52.97,48.17,59.95,54.34,50.46,48.13
2024-08-17,DA Weekly Average Price (2024-08-12 to 2024-08-17),60.07,56.43,52.97,48.17,59.95,54.34,50.46,48.13
2024-08-19,DA Weekly Average Price (2024-08-19 to 2024-08-24),60.24,56.85,53.04,47.08,60.12,54.41,50.74,47.58
2024-08-20,DA Weekly Average Price (2024-08-19 to 2024-08-24),60.24,56.85,53.04,47.08,60.12,54.41,50.74,47.58
2024-08-21,DA Weekly Average Price (2024-08-19 to 2024-08-24),60.24,56.85,53.04,47.08,60.12,54.41,50.74,47.58
2024-08-22,DA Weekly Average Price (2024-08-19 to 2024-08-24),60.24,56.85,53.04,47.08,60.12,54.41,50.74,47.58
2024-08-23,DA Weekly Average Price (2024-08-19 to 2024-08-24),60.24,56.85,53.04,47.08,60.12,54.41,50.74,47.58
2024-08-24,DA Weekly Average Price (2024-08-19 to 2024-08-24),60.24,56.85,53.04,47.08,60.12,54.41,50.74,47.58
2024-11-04,DA Weekly Average Price (2024-11-04 to 2024-11-09),59.31,56.46,49.51,45.45,60.03,54.61,49.4,45.65
2024-11-05,DA Weekly Average Price (2024-11-04 to 2024-11-09),59.31,56.46,49.51,45.45,60.03,54.61,49.4,45.65
2024-11-06,DA Weekly Average Price (2024-11-04 to 2024-11-09),59.31,56.46,49.51,45.45,60.03,54.61,49.4,45.65
2024-11-07,DA Weekly Average Price (2024-11-04 to 2024-11-09),59.31,56.46,49.51,45.45,60.03,54.61,49.4,45.65
2024-11-08,DA Weekly Average Price (2024-11-04 to 2024-11-09),59.31,56.46,49.51,45.45,60.03,54.61,49.4,45.65
2024-11-09,DA Weekly Average Price (2024-11-04 to 2024-11-09),59.31,56.46,49.51,45.45,60.03,54.61,49.4,45.65
2024-11-18,DA Weekly Average Price (2024-11-18 to 2024-11-23),59.19,56.28,47.3,44.8,59.86,54.14,47.65,43.35
2024-11-19,DA Weekly Average Price (2024-11-18 to 2024-11-23),59.19,56.28,47.3,44.8,59.86,54.14,47.65,43.35
2024-11-20,DA Weekly Average Price (2024-11-18 to 2024-11-23),59.19,56.28,47.3,44.8,59.86,54.14,47.65,43.35
2024-11-21,DA Weekly Average Price (2024-11-18 to 2024-11-23),59.19,56.28,47.3,44.8,59.86,54.14,47.65,43.35
2024-11-22,DA Weekly Average Price (2024-11-18 to 2024-11-23),59.19,56.28,47.3,44.8,59.86,54.14,47.65,43.35
2024-11-23,DA Weekly Average Price (2024-11-18 to 2024-11-23),59.19,56.28,47.3,44.8,59.86,54.14,47.65,43.35
2025-03-01,DA Daily Price Index,58.25,52.38,45.0,39.13,58.69,53.5,46.76,41.17
2025-03-03,DA Daily Price Index,57.43,51.66,45.21,41.11,58.67,52.71,46.85,40.62
2025-03-04,DA Daily Price Index,57.43,51.54,45.21,41.11,58.69,52.72,46.87,40.69
2025-03-05,DA Daily Price Index,57.32,51.43,45.13,41.12,58.6,52.58,46.8,40.7
2025-03-06,DA Daily Price Index,57.12,51.47,45.05,41.15,58.49,52.66,46.86,40.78
2025-03-07,DA Daily Price Index,57.12,51.29,45.05,41.15,58.51,52.69,46.87,40.69
2025-03-08,DA Daily Price Index,57.12,51.36,45.06,41.11,58.93,53.19,46.81,40.88
2025-03-10,DA Daily Price Index,57.0,50.75,44.89,40.8,58.53,52.66,46.74,40.41
2025-03-11,DA Daily Price Index,57.08,50.64,44.42,40.67,58.52,52.65,46.45,40.58
2025-03-12,DA Daily Price Index,57.39,50.49,44.36,40.88,59.09,53.31,46.26,40.7
2025-03-13,DA Daily Price Index,57.5,50.18,44.35,40.26,58.55,52.57,46.44,40.43
2025-03-14,DA Daily Price Index,58.08,50.16,44.35,40.08,58.53,52.56,46.18,40.41
2025-03-15,DA Daily Price Index,58.76,50.25,44.35,38.53,58.62,52.54,46.34,40.58
2025-03-17,DA Daily Price Index,57.76,49.95,44.58,40.26,58.35,52.43,45.99,40.42
2025-03-18,DA Daily Price Index,57.76,49.88,44.56,40.56,58.85,52.99,46.03,40.86
2025-03-19,DA Daily Price Index,56.58,49.85,44.56,40.25,58.32,52.56,45.8,40.53
2025-03-20,DA Daily Price Index,56.58,49.73,44.58,40.33,58.32,52.54,46.0,40.56
2025-03-21,DA Daily Price Index,56.58,49.71,44.56,40.33,58.28,52.43,45.92,40.51
2025-03-22,DA Daily Price Index,56.58,49.74,44.47,40.33,57.92,52.47,46.0,40.59
2025-03-24,DA Daily Price Index,57.08,49.62,44.18,40.33,58.18,52.43,46.18,40.41
2025-03-25,DA Daily Price Index,58.0,49.63,44.18,40.53,58.6,52.69,46.27,40.69
2025-03-26,DA Daily Price Index,57.81,49.63,44.41,40.28,58.62,52.83,46.28,40.57
2025-03-27,DA Daily Price Index,58.0,49.53,44.16,40.04,58.29,52.26,46.26,40.28
2025-03-28,DA Daily Price Index,58.0,49.4,44.06,40.04,58.06,52.36,46.07,40.18
2025-03-29,DA Daily Price Index,58.0,49.57,44.0,40.59,58.47,52.39,45.83,40.78
2025-03-31,DA Daily Price Index,58.14,49.09,44.17,40.04,57.97,52.27,45.43,40.18
2025-04-01,DA Daily Price Index,58.0,48.89,44.0,39.82,57.95,52.27,45.48,40.04
2025-04-02,DA Daily Price Index,58.11,48.33,44.22,40.04,58.12,52.14,45.56,40.19
2025-04-03,DA Daily Price Index,58.65,47.87,43.89,40.11,58.55,52.3,45.49,40.67
2025-04-04,DA Daily Price Index,58.65,47.92,43.78,39.92,58.11,51.99,45.5,40.3
2025-04-05,DA Daily Price Index,58.68,48.25,43.78,39.92,57.9,52.01,45.45,40.29
2025-04-06,DA Daily Price Index,68.0,47.88,41.0,43.0,63.2,54.44,44.14,42.0
2025-04-07,DA Daily Price Index,58.08,47.76,43.69,40.12,58.15,51.95,45.31,40.0
2025-04-08,DA Daily Price Index,58.38,47.76,43.56,40.12,58.17,51.98,45.36,40.17
2025-04-09,DA Daily Price Index,58.04,47.36,43.35,40.24,58.14,52.01,45.25,40.25
2025-04-10,DA Daily Price Index,58.38,47.42,43.53,40.16,58.15,51.97,45.33,40.14
2025-04-11,DA Daily Price Index,58.38,47.4,43.53,40.16,58.15,51.87,45.29,40.11
2025-04-12,DA Daily Price Index,58.0,47.47,43.21,40.43,57.75,51.91,45.62,40.33
2025-04-13,DA Daily Price Index,68.0,47.88,41.0,43.0,63.2,54.44,44.14,42.0
2025-04-14,DA Daily Price Index,58.38,47.15,43.33,39.96,58.24,51.91,45.16,40.11
2025-04-15,DA Daily Price Index,59.25,46.97,43.64,38.35,58.3,51.85,45.38,40.17
2025-04-16,DA Daily Price Index,58.95,47.08,43.47,39.2,58.26,51.97,45.61,40.15
2025-04-20,DA Daily Price Index,58.95,47.29,44.0,43.0,63.5,53.43,45.8,43.0
2025-04-21,DA Daily Price Index,58.79,47.02,43.67,39.5,57.91,52.04,45.5,39.35
2025-04-22,DA Daily Price Index,58.25,46.88,43.07,40.12,57.98,51.89,45.12,39.16
2025-04-23,DA Daily Price Index,58.08,46.91,43.67,40.07,57.88,51.73,45.23,39.24
2025-04-24,DA Daily Price Index,58.0,46.84,43.55,40.04,57.83,51.63,45.01,39.23
2025-04-25,DA Daily Price Index,58.0,46.77,43.55,40.04,57.75,51.62,44.95,39.1
2025-04-26,DA Daily Price Index,58.0,46.83,43.55,40.11,58.32,52.08,45.19,39.61
2025-04-27,DA Daily Price Index,64.0,46.71,44.0,40.11,63.5,57.38,48.83,37.33
2025-04-28,DA Daily Price Index,57.63,46.89,43.55,40.22,57.49,51.79,45.18,39.17
2025-04-29,DA Daily Price Index,57.82,46.78,43.92,40.19,57.53,51.64,45.01,38.95
2025-04-30,DA Daily Price Index,57.82,46.72,44.37,40.21,57.51,51.74,45.32,39.14
2025-05-01,DA Daily Price Index,57.77,47.05,44.0,41.0,58.24,53.09,45.63,39.53
2025-05-02,DA Daily Price Index,57.77,46.74,43.15,40.0,57.63,51.67,45.14,39.11
2025-05-03,DA Daily Price Index,57.72,46.76,43.42,40.08,57.57,51.65,45.25,39.15
2025-05-04,DA Daily Price Index,64.5,47.67,43.42,43.0,58.5,52.5,46.25,40.0
2025-05-05,DA Daily Price Index,57.72,46.85,43.22,40.13,57.76,51.79,45.27,39.06
2025-05-06,DA Daily Price Index,57.17,46.35,44.75,40.68,58.2,51.54,44.85,38.76
2025-05-07,DA Daily Price Index,58.89,46.48,44.75,40.75,58.39,51.45,44.32,38.56
2025-05-08,DA Daily Price Index,58.75,45.9,44.29,40.63,58.57,51.41,44.84,38.95
2025-05-09,DA Daily Price Index,58.75,46.29,44.33,40.15,57.98,51.09,44.52,38.72
2025-05-10,DA Daily Price Index,58.92,46.07,43.5,40.42,57.79,50.36,44.56,38.89
2025-05-11,DA Daily Price Index,61.5,45.8,43.5,44.0,58.2,53.0,43.75,38.0
2025-05-12,DA Daily Price Index,57.95,47.1,43.0,40.86,57.77,52.38,44.6,38.96
2025-05-13,DA Daily Price Index,59.9,45.9,43.88,39.06,58.24,50.78,44.49,38.41
2025-05-14,DA Daily Price Index,58.41,46.56,44.14,41.0,57.99,51.33,44.63,38.55
2025-05-15,DA Daily Price Index,58.25,46.44,44.17,40.36,57.05,50.43,44.51,38.69
2025-05-16,DA Daily Price Index,57.1,46.49,43.63,41.79,58.34,51.9,45.1,38.93
2025-05-17,DA Daily Price Index,58.41,46.78,43.22,40.46,57.84,51.33,44.83,38.92
2025-05-18,DA Daily Price Index,56.0,45.8,44.0,42.0,57.5,51.83,44.8,38.0
2025-05-19,DA Daily Price Index,58.77,46.57,44.14,42.09,58.84,52.81,45.51,39.31
2025-05-20,DA Daily Price Index,58.79,46.57,44.6,41.44,57.93,52.32,45.22,38.63
2025-05-21,DA Daily Price Index,58.89,46.35,43.88,40.65,58.49,51.29,44.39,39.06
2025-05-22,DA Daily Price Index,58.77,46.62,43.88,40.68,57.85,51.54,44.55,38.74
2025-05-23,DA Daily Price Index,58.33,46.82,44.17,40.75,58.52,52.15,44.99,39.27
2025-05-24,DA Daily Price Index,57.17,46.56,44.6,41.07,57.63,51.73,44.44,37.93
2025-05-25,DA Daily Price Index,61.33,45.29,44.6,41.07,57.43,52.29,43.5,37.0
2025-05-26,DA Daily Price Index,58.35,46.53,44.0,41.19,57.61,51.95,44.93,38.5
2025-05-27,DA Daily Price Index,58.48,46.66,44.14,40.0,57.47,51.6,44.57,38.36
2025-05-28,DA Daily Price Index,58.48,46.55,43.89,39.75,57.58,51.49,44.47,38.26
2025-05-29,DA Daily Price Index,58.53,46.71,44.11,41.75,57.87,52.31,44.87,38.9
2025-05-30,DA Daily Price Index,58.53,46.22,42.57,39.82,57.78,50.91,44.18,38.0
2025-05-31,DA Daily Price Index,58.48,46.67,43.0,41.07,58.06,50.95,44.24,39.0
2025-06-01,DA Daily Price Index,62.0,45.2,43.0,41.07,55.8,52.22,46.33,38.25
2025-06-02,DA Daily Price Index,58.74,46.65,43.86,40.77,58.53,52.4,44.84,38.8
2025-06-03,DA Daily Price Index,58.65,46.66,42.55,40.33,57.77,52.08,44.92,38.27
2025-06-04,DA Daily Price Index,58.65,46.41,42.0,39.83,57.73,51.62,44.77,38.17
2025-06-05,DA Daily Price Index,58.74,45.9,42.5,40.25,57.95,51.11,44.48,37.74
2025-06-06,DA Daily Price Index,58.65,46.29,44.17,42.75,58.6,51.96,44.4,38.32
2025-06-07,DA Daily Price Index,61.43,45.71,43.33,38.0,58.5,50.05,44.6,38.67
2025-06-08,DA Daily Price Index,61.33,45.29,43.33,38.0,58.0,52.29,43.5,37.0
2025-06-09,DA Daily Price Index,58.65,46.79,42.57,40.86,57.8,51.87,44.8,38.28
2025-06-10,DA Daily Price Index,59.13,46.57,42.8,38.5,57.63,51.59,44.75,38.15
2025-06-11,DA Daily Price Index,59.13,46.48,42.83,38.54,57.74,51.33,44.6,38.05
2025-06-12,DA Daily Price Index,57.17,47.0,44.75,43.29,58.57,53.58,46.03,39.28
2025-06-13,DA Daily Price Index,58.2,46.86,44.17,41.62,57.63,51.61,44.38,38.24
2025-06-14,DA Daily Price Index,58.26,45.99,41.86,40.87,58.06,50.89,44.79,38.76
2025-06-15,DA Daily Price Index,56.0,45.25,41.86,40.87,57.0,51.75,44.0,36.67
2025-06-16,DA Daily Price Index,58.48,46.36,42.11,40.47,57.79,51.11,44.34,38.28
2025-06-17,DA Daily Price Index,58.48,46.01,44.17,41.14,58.39,50.48,43.35,37.56
2025-06-18,DA Daily Price Index,58.48,46.23,42.58,40.71,57.83,51.62,44.53,38.32
2025-06-19,DA Daily Price Index,58.44,45.65,42.91,41.07,57.66,50.69,44.04,37.81
2025-06-20,DA Daily Price Index,57.59,46.49,43.58,40.67,57.17,52.55,45.11,37.82
2025-06-21,DA Daily Price Index,58.44,45.73,42.4,40.26,56.75,50.61,44.2,37.64
2025-06-22,DA Daily Price Index,62.0,45.17,42.4,40.26,57.67,52.0,43.4,37.5
2025-06-23,DA Daily Price Index,58.71,46.28,42.74,39.86,57.48,51.27,44.23,38.25
2025-06-24,DA Daily Price Index,58.75,46.27,42.71,39.9,57.32,51.28,44.28,38.48
2025-06-25,DA Daily Price Index,58.71,46.26,42.89,39.86,57.38,51.32,44.32,38.24
2025-06-26,DA Daily Price Index,58.71,46.26,42.55,39.86,57.48,51.23,44.23,38.23
2025-06-27,DA Daily Price Index,58.71,46.4,42.69,40.81,57.43,51.75,44.86,38.41
2025-06-28,DA Daily Price Index,58.44,45.82,42.42,38.67,57.45,50.76,44.1,37.93
2025-06-29,DA Daily Price Index,61.5,44.83,40.0,38.67,57.67,52.0,43.0,37.5
2025-06-30,DA Daily Price Index,62.8,45.58,42.75,38.0,57.32,49.95,43.68,37.98
2025-07-01,DA Daily Price Index,58.77,45.96,42.9,39.17,57.57,50.96,44.06,38.25
2025-07-02,DA Daily Price Index,58.89,45.63,42.82,39.25,57.53,50.45,43.56,37.95
2025-07-03,DA Daily Price Index,56.28,45.98,43.92,39.39,57.62,51.15,44.15,38.56
2025-07-04,DA Daily Price Index,56.57,45.99,44.12,39.39,57.65,51.18,44.08,38.66
2025-07-05,DA Daily Price Index,53.26,45.37,44.33,38.11,57.86,50.16,43.96,38.14
2025-07-06,DA Daily Price Index,50.73,45.21,49.0,41.0,59.14,51.8,45.79,39.46
2025-07-07,DA Daily Price Index,55.59,45.7,44.91,39.29,57.68,51.08,44.07,38.65
2025-07-08,DA Daily Price Index,55.59,45.97,44.12,39.29,57.72,51.09,43.94,38.61
2025-07-09,DA Daily Price Index,56.13,45.97,44.12,39.29,57.7,51.03,43.94,38.61
2025-07-10,DA Daily Price Index,56.03,45.94,43.79,39.29,57.72,50.98,43.82,38.63
2025-07-11,DA Daily Price Index,56.27,45.91,43.79,39.29,57.72,50.98,43.82,38.63
2025-07-12,DA Daily Price Index,56.27,45.65,44.03,39.37,57.71,51.19,43.86,38.9
2025-07-13,DA Daily Price Index,62.0,45.0,40.0,39.37,58.0,51.83,44.17,37.8
2025-07-14,DA Daily Price Index,56.24,45.74,43.87,39.52,58.06,50.82,43.44,38.66
2025-07-15,DA Daily Price Index,53.29,46.08,44.19,39.03,57.35,50.94,43.7,38.58
2025-07-16,DA Daily Price Index,56.24,45.85,43.81,39.03,57.58,51.08,43.61,38.45
2025-07-17,DA Daily Price Index,56.47,45.89,43.63,39.19,57.55,51.04,43.72,38.41
2025-07-18,DA Daily Price Index,56.65,45.51,43.71,40.0,57.56,50.93,43.54,38.42
2025-07-19,DA Daily Price Index,56.38,45.33,43.61,37.8,57.97,51.38,43.86,38.72
2025-07-20,DA Daily Price Index,58.67,43.71,42.0,37.8,57.33,51.33,43.14,37.2
2025-07-21,DA Daily Price Index,56.12,45.17,43.41,39.28,57.56,51.0,43.61,38.45
2025-07-22,DA Daily Price Index,55.42,45.29,45.5,38.0,56.8,49.71,44.02,38.48
2025-07-23,DA Daily Price Index,56.12,44.94,43.7,39.32,57.34,51.1,44.0,38.56
2025-07-24,DA Daily Price Index,55.68,44.43,43.75,40.5,58.11,50.27,42.94,38.68
2025-07-25,DA Daily Price Index,55.28,44.84,44.35,39.13,58.17,51.43,43.95,38.98
2025-07-26,DA Daily Price Index,56.12,44.69,43.84,39.24,58.17,51.31,43.97,38.78
2025-07-27,DA Daily Price Index,62.0,43.83,40.0,39.24,56.83,51.0,43.33,37.8
2025-07-28,DA Daily Price Index,55.94,45.06,43.76,39.14,57.47,50.93,43.6,38.45
2025-07-29,DA Daily Price Index,55.94,45.12,43.95,39.1,57.57,50.81,43.48,38.41
2025-07-30,DA Daily Price Index,55.94,44.96,43.95,38.73,57.5,50.82,43.45,38.44
2025-07-31,DA Daily Price Index,55.68,44.84,43.95,38.24,57.4,50.85,43.54,38.55
2025-08-01,DA Daily Price Index,55.94,44.98,43.95,38.18,57.44,50.87,43.54,38.57
2025-08-02,DA Daily Price Index,55.94,45.07,44.11,39.13,57.93,51.39,43.7,39.01
2025-08-03,DA Daily Price Index,58.67,44.17,44.11,39.13,56.67,51.4,43.0,36.6
2025-08-04,DA Daily Price Index,55.94,44.83,44.18,38.18,57.42,50.84,43.39,38.54
2025-08-05,DA Daily Price Index,55.94,44.85,44.18,38.36,57.44,50.76,43.42,38.54
2025-08-06,DA Daily Price Index,55.94,44.82,44.2,38.31,57.45,50.76,43.4,38.55
2025-08-07,DA Daily Price Index,55.94,44.82,44.18,38.21,57.39,50.79,43.38,38.55
2025-08-08,DA Daily Price Index,55.94,44.79,44.2,38.21,57.38,50.77,43.38,38.5
2025-08-09,DA Daily Price Index,55.7,44.8,44.0,38.87,57.43,51.11,43.57,38.54
2025-08-10,DA Daily Price Index,62.0,43.5,44.0,38.87,56.83,51.0,43.5,37.8
2025-08-11,DA Daily Price Index,56.35,44.82,44.25,38.43,57.2,50.87,43.61,38.43
2025-08-12,DA Daily Price Index,55.94,45.09,44.15,38.11,57.18,50.93,43.73,38.48
2025-08-13,DA Daily Price Index,56.19,45.15,44.39,38.24,57.22,50.75,43.68,38.46
2025-08-14,DA Daily Price Index,56.44,44.98,44.17,38.11,57.21,50.68,43.46,38.29
2025-08-15,DA Daily Price Index,56.44,45.03,44.17,38.11,57.18,50.59,43.46,38.37
2025-08-16,DA Daily Price Index,56.44,45.14,44.35,37.89,57.11,50.83,43.53,38.55
2025-08-17,DA Daily Price Index,58.67,44.29,44.35,37.89,56.43,51.5,43.0,37.17
2025-08-18,DA Daily Price Index,56.44,45.22,44.17,38.8,57.56,50.83,43.66,38.47
2025-08-19,DA Daily Price Index,56.44,45.24,44.17,38.8,57.46,50.76,43.64,38.47
2025-08-20,DA Daily Price Index,56.15,45.25,44.16,37.9,57.04,50.48,43.44,38.36
2025-08-21,DA Daily Price Index,56.15,45.4,44.32,37.9,56.97,50.51,43.51,38.24
2025-08-22,DA Daily Price Index,56.15,45.35,44.32,37.9,57.03,50.44,43.51,38.28
2025-08-23,DA Daily Price Index,56.15,45.41,44.82,37.9,57.0,50.29,43.18,38.45
2025-08-24,DA Daily Price Index,61.67,45.14,42.0,42.0,57.29,51.0,43.14,38.33
2025-08-25,DA Daily Price Index,57.15,45.47,44.31,38.07,56.96,50.58,43.69,38.44
2025-08-26,DA Daily Price Index,57.15,45.41,43.9,38.17,57.0,50.26,43.48,38.21
2025-08-27,DA Daily Price Index,56.92,45.31,43.9,36.48,57.02,50.02,43.51,38.12
2025-08-28,DA Daily Price Index,56.1,45.38,44.5,38.38,57.1,50.45,43.62,38.35
2025-08-29,DA Daily Price Index,56.1,45.45,44.5,38.27,57.09,50.44,43.75,38.22
2025-08-30,DA Daily Price Index,58.52,45.56,42.29,37.32,56.94,50.12,43.21,37.85
2025-08-31,DA Daily Price Index,60.67,44.86,42.29,42.0,56.57,51.0,43.14,38.0
2025-09-01,DA Daily Price Index,56.68,45.48,45.0,38.82,57.23,50.48,43.48,37.94
2025-09-02,DA Daily Price Index,56.82,45.54,44.81,38.41,57.23,49.96,43.28,37.99
2025-09-03,DA Daily Price Index,56.82,45.69,44.81,38.41,57.21,50.04,43.25,38.01
2025-09-04,DA Daily Price Index,56.85,45.76,44.81,38.64,57.16,50.01,43.2,38.01
2025-09-05,DA Daily Price Index,56.85,45.79,44.81,38.75,57.15,50.01,43.19,38.01
2025-09-06,DA Daily Price Index,56.85,45.85,44.81,38.75,57.16,50.01,43.16,38.01
2025-09-07,DA Daily Price Index,60.67,44.86,44.81,36.0,57.0,48.5,43.0,37.8
2025-09-08,DA Daily Price Index,56.85,45.9,44.71,38.07,57.07,49.98,43.3,37.97
2025-09-09,DA Daily Price Index,56.85,45.83,46.0,38.07,57.1,49.97,43.25,38.01
2025-09-10,DA Daily Price Index,56.85,45.81,45.07,38.07,57.11,49.97,43.3,37.98
2025-09-11,DA Daily Price Index,57.0,45.76,45.14,38.13,57.12,49.69,43.18,37.95
2025-09-12,DA Daily Price Index,57.0,45.78,45.57,38.07,57.15,49.79,43.15,37.95
2025-09-13,DA Daily Price Index,57.0,45.78,45.57,38.07,57.15,49.79,43.15,37.95
2025-09-14,DA Daily Price Index,57.33,44.71,45.57,36.0,56.83,50.67,43.29,36.6
2025-09-15,DA Daily Price Index,57.34,45.75,46.09,38.07,57.12,49.74,43.15,37.95
2025-09-16,DA Daily Price Index,57.19,45.78,46.09,38.07,57.09,49.75,43.14,37.97
2025-09-17,DA Daily Price Index,58.06,45.88,42.57,37.46,57.09,49.69,43.06,37.87
2025-09-18,DA Daily Price Index,58.06,45.88,43.67,37.46,57.03,49.79,43.04,37.89
2025-09-19,DA Daily Price Index,58.06,45.9,43.67,37.56,57.04,49.68,43.04,37.89
2025-09-20,DA Daily Price Index,57.65,45.65,44.67,37.71,57.21,49.59,43.05,37.77
2025-09-21,DA Daily Price Index,61.67,45.0,44.67,39.0,58.0,48.83,42.0,37.33
2025-09-22,DA Daily Price Index,58.88,45.94,43.67,37.56,56.89,49.91,42.78,37.6
2025-09-23,DA Daily Price Index,58.45,46.01,43.25,37.32,57.17,49.38,42.79,37.76
2025-09-24,DA Daily Price Index,58.41,45.93,43.67,37.64,57.06,49.56,43.16,37.82
2025-09-25,DA Daily Price Index,58.41,45.99,42.8,37.75,57.04,49.6,43.11,37.78
2025-09-26,DA Daily Price Index,58.41,46.02,42.75,38.24,57.44,50.33,43.45,38.14
2025-09-27,DA Daily Price Index,58.41,46.24,42.8,37.74,57.16,49.7,42.92,37.62
2025-09-28,DA Daily Price Index,60.67,45.0,42.8,39.0,56.71,49.83,43.14,38.33
2025-09-29,DA Daily Price Index,58.41,46.01,42.75,38.24,57.44,49.94,43.36,38.01
2025-09-30,DA Daily Price Index,58.41,46.02,42.8,37.75,57.02,49.6,43.16,37.64
2025-10-01,DA Daily Price Index,58.41,45.76,42.8,37.75,57.14,49.89,43.28,37.73
2025-10-02,DA Daily Price Index,57.91,46.03,42.8,38.0,57.02,49.57,43.12,37.59
2025-10-03,DA Daily Price Index,57.91,46.01,42.75,38.14,57.46,49.87,43.33,37.9
2025-10-04,DA Daily Price Index,57.47,46.18,42.75,38.0,57.36,49.89,43.34,37.94
2025-10-05,DA Daily Price Index,57.5,45.55,42.75,41.67,57.0,51.3,43.27,39.3
2025-10-06,DA Daily Price Index,57.32,46.08,42.75,39.06,57.01,49.51,43.09,37.52
2025-10-07,DA Daily Price Index,56.97,46.2,44.0,38.58,57.04,49.07,43.3,37.41
2025-10-08,DA Daily Price Index,58.8,46.22,44.0,38.85,57.15,49.03,43.23,37.34
2025-10-09,DA Daily Price Index,56.97,46.47,44.0,39.45,57.11,49.31,43.35,37.2
2025-10-10,DA Daily Price Index,57.11,46.44,43.6,39.39,57.1,49.61,43.4,37.22
2025-10-11,DA Daily Price Index,57.51,46.87,42.2,39.4,56.69,50.2,43.75,37.4
2025-10-12,DA Daily Price Index,59.27,50.56,42.2,40.5,57.94,50.24,44.69,36.92
2025-10-13,DA Daily Price Index,57.65,46.61,42.6,39.67,57.03,48.56,42.99,37.2
2025-10-14,DA Daily Price Index,58.58,46.82,42.6,39.32,56.97,49.11,43.07,37.09
2025-10-15,DA Daily Price Index,57.45,46.89,42.6,39.32,56.96,49.07,42.95,37.16
2025-10-16,DA Daily Price Index,57.45,47.08,42.6,39.32,56.96,49.07,42.96,37.18
2025-10-17,DA Daily Price Index,57.38,47.02,40.67,39.2,56.9,48.41,42.83,37.16
2025-10-18,DA Daily Price Index,56.89,47.35,42.75,39.12,57.2,49.7,43.44,37.55
2025-10-19,DA Daily Price Index,59.2,45.71,42.0,38.29,57.76,49.59,43.15,37.08
2025-10-20,DA Daily Price Index,57.3,47.44,42.6,39.0,56.93,49.03,42.97,37.22
2025-10-21,DA Daily Price Index,57.38,47.44,43.75,39.0,57.04,49.11,42.97,37.25
2025-10-22,DA Daily Price Index,57.68,47.57,43.75,39.1,56.98,49.14,42.97,37.25
2025-10-23,DA Daily Price Index,57.54,48.34,41.8,39.1,56.94,48.87,42.65,37.47
2025-10-24,DA Daily Price Index,57.75,48.14,41.83,39.29,56.91,48.58,42.32,37.33
2025-10-25,DA Daily Price Index,57.61,48.33,41.83,37.38,56.71,48.41,42.4,37.29
2025-10-26,DA Daily Price Index,59.4,46.56,41.83,37.67,57.25,47.0,41.44,36.57
2025-10-27,DA Daily Price Index,56.97,48.12,41.8,39.21,57.24,49.0,42.32,37.08
2025-10-28,DA Daily Price Index,57.42,48.38,41.83,39.55,57.08,48.49,42.23,37.06
2025-10-29,DA Daily Price Index,57.9,48.45,41.83,39.55,57.01,48.5,42.2,37.04
2025-10-30,DA Daily Price Index,58.06,48.57,41.83,39.55,56.99,48.64,42.22,37.13
2025-10-31,DA Daily Price Index,58.13,48.62,41.83,39.55,57.25,48.71,42.21,37.07
2025-11-01,DA Daily Price Index,58.1,48.23,41.0,39.55,57.2,48.56,42.29,37.15
2025-11-02,DA Daily Price Index,59.5,47.92,42.0,40.8,57.25,47.83,42.1,37.67
2025-11-03,DA Daily Price Index,57.9,48.65,41.83,39.55,57.07,48.63,42.19,37.0
2025-11-04,DA Daily Price Index,58.07,48.62,40.0,39.55,57.02,48.59,42.24,37.02
2025-11-05,DA Daily Price Index,58.07,48.72,40.29,39.55,57.02,48.59,42.24,37.02
2025-11-06,DA Daily Price Index,58.29,48.89,40.29,39.55,56.99,48.59,42.26,37.02
2025-11-07,DA Daily Price Index,58.29,48.94,40.29,39.55,56.93,48.32,42.22,37.02
2025-11-08,DA Daily Price Index,58.28,48.86,40.29,39.55,57.14,48.4,42.23,36.99
2025-11-09,DA Daily Price Index,59.67,49.27,42.0,40.5,58.17,48.67,42.6,37.25
2025-11-10,DA Daily Price Index,58.62,48.84,42.0,39.42,57.07,48.16,41.96,37.21
2025-11-11,DA Daily Price Index,58.19,48.71,42.6,39.42,56.92,48.39,42.29,37.25
2025-11-12,DA Daily Price Index,58.15,48.95,42.75,39.35,56.94,49.07,42.52,37.32
2025-11-13,DA Daily Price Index,58.4,48.98,41.75,39.42,56.88,48.69,42.35,37.28
2025-11-14,DA Daily Price Index,58.37,49.09,43.75,39.42,56.88,48.73,42.39,37.3
2025-11-15,DA Daily Price Index,58.42,49.29,47.5,39.42,56.88,48.73,42.39,37.3
2025-11-16,DA Daily Price Index,60.4,51.15,42.5,41.5,58.17,49.25,42.4,37.75
2025-11-17,DA Daily Price Index,58.59,49.55,45.09,39.05,56.54,48.72,42.87,37.54
2025-11-18,DA Daily Price Index,58.83,49.49,45.09,39.05,56.61,49.14,43.1,37.63
2025-11-19,DA Daily Price Index,58.83,49.49,45.09,39.05,56.61,49.14,43.1,37.63
2025-11-20,DA Daily Price Index,58.83,49.39,45.09,38.85,56.96,49.08,42.92,37.62
2025-11-21,DA Daily Price Index,58.83,49.57,45.09,38.85,56.94,49.13,43.0,37.62
2025-11-22,DA Daily Price Index,58.83,50.13,45.09,38.85,56.93,48.97,43.06,37.71
2025-11-23,DA Daily Price Index,59.2,49.44,44.25,39.25,57.4,49.4,44.11,38.33
2025-11-24,DA Daily Price Index,58.73,49.63,44.33,38.85,56.99,49.13,43.04,37.57
2025-11-25,DA Daily Price Index,59.19,49.67,44.33,38.85,57.19,49.37,43.12,37.74
2025-11-26,DA Daily Price Index,58.26,49.84,44.33,38.85,57.08,49.31,43.09,37.7
2025-11-27,DA Daily Price Index,59.19,50.02,44.33,38.85,57.08,49.39,43.11,37.66
2025-11-28,DA Daily Price Index,58.9,50.04,45.2,38.85,57.14,49.5,43.19,37.68
2025-11-29,DA Daily Price Index,58.86,49.94,44.33,38.67,57.23,49.91,43.34,37.81
2025-11-30,DA Daily Price Index,60.67,50.25,43.75,40.75,57.18,49.75,43.8,38.38
2025-12-01,DA Daily Price Index,58.96,49.95,45.33,38.85,57.26,49.76,43.36,38.29
2025-12-02,DA Daily Price Index,58.96,49.95,45.33,38.85,57.26,49.82,43.44,38.32
2025-12-03,DA Daily Price Index,58.96,49.95,45.33,38.81,57.26,49.73,43.44,38.32
2025-12-04,DA Daily Price Index,58.96,50.23,45.33,38.81,57.17,49.84,43.5,38.48
2025-12-05,DA Daily Price Index,59.0,50.28,44.75,38.81,57.16,49.71,43.5,38.11
2025-12-06,DA Daily Price Index,59.81,50.26,44.75,38.81,57.17,50.07,43.47,38.1
2025-12-07,DA Daily Price Index,61.8,50.17,45.0,40.75,57.4,49.58,43.27,39.29
2025-12-08,DA Daily Price Index,59.81,50.27,44.75,38.81,57.17,49.81,43.44,38.01
2025-12-09,DA Daily Price Index,59.71,50.11,44.75,38.95,57.33,49.88,43.48,38.15
2025-12-10,DA Daily Price Index,59.35,50.22,44.75,38.83,57.37,50.34,43.74,38.29
2025-12-11,DA Daily Price Index,59.19,50.24,44.75,38.83,57.37,50.34,43.74,38.29
2025-12-12,DA Daily Price Index,59.52,50.26,44.75,38.95,57.33,50.17,43.53,38.37
2025-12-13,DA Daily Price Index,59.41,50.26,44.75,39.1,57.29,49.74,43.39,38.23
2025-12-14,DA Daily Price Index,61.8,50.18,45.0,40.0,57.6,49.33,44.4,38.57
2025-12-15,DA Daily Price Index,59.52,50.23,44.78,38.95,57.59,50.1,43.61,38.53
2025-12-16,DA Daily Price Index,59.52,50.3,44.78,38.95,57.59,50.1,43.61,38.69
2025-12-17,DA Daily Price Index,59.66,50.18,44.78,38.95,57.67,50.25,43.59,38.75
2025-12-18,DA Daily Price Index,59.52,50.12,44.54,39.38,57.95,50.81,43.73,38.96
2025-12-19,DA Daily Price Index,59.66,50.28,44.54,39.38,57.76,50.77,43.72,38.95
2025-12-20,DA Daily Price Index,59.52,50.42,44.54,39.38,57.73,50.59,43.84,38.86
2025-12-21,DA Daily Price Index,60.8,49.78,44.5,41.0,58.4,50.36,43.78,39.75
2025-12-22,DA Daily Price Index,59.66,50.3,45.08,39.38,57.64,50.49,43.72,38.9
2025-12-23,DA Daily Price Index,59.52,50.31,45.08,39.38,57.62,50.42,43.76,38.89
2025-12-24,DA Daily Price Index,59.66,50.3,45.08,39.38,57.64,50.49,43.74,38.9
2025-12-25,DA Daily Price Index,59.14,50.44,45.08,39.29,57.58,50.7,43.86,38.91
2025-12-26,DA Daily Price Index,59.63,50.29,45.08,39.38,57.69,50.48,43.76,38.88
2025-12-27,DA Daily Price Index,59.14,50.57,45.08,39.29,57.73,50.85,44.21,39.04
2025-12-28,DA Daily Price Index,61.5,49.91,44.5,39.75,57.64,50.42,43.91,39.11
2025-12-29,DA Daily Price Index,59.84,50.18,45.36,39.47,57.76,50.73,43.89,38.86
2025-12-30,DA Daily Price Index,59.43,50.18,45.08,39.92,57.84,50.84,43.98,38.95
2025-12-31,DA Daily Price Index,59.48,50.3,45.08,39.38,57.67,50.41,43.78,38.88
